"2525","Lady Shri Ram College for Women - [LSR], New Delhi","New Delhi, Delhi NCR","","","","",""
,""

"2595","Loyola College, Chennai","Chennai, Tamil Nadu","1925","University of Madras","Autonomous","National Assessment and Accreditation Council","250+"
,"19 Undergraduate Courses19 Postgraduate Courses"

"4973","St. Xavier's College, Mumbai","Mumbai, Maharashtra","","","","",""
,""

"25598","Christ University, Bangalore","Bangalore, Karnataka","","","Deemed to be University","",""
,""

"1904","Hindu College, New Delhi","New Delhi, Delhi NCR","","","","",""
,""

"18892","St Joseph's College of Commerce - [SJCC], Bangalore","Bangalore, Karnataka","1972","","","",""
,""

"15968","Narsee Monjee College of Commerce and Economics, Mumbai","Mumbai, Maharashtra","","","","",""
,""

"4897","St Andrew's College of Arts Science and Commerce, Mumbai","Mumbai, Maharashtra","","","","",""
,""

"5066","Symbiosis College of Arts and Commerce, Pune","Pune, Maharashtra","","","","",""
,""

"1859","Hans Raj College - [HRC], New Delhi","New Delhi, Delhi NCR","","","","",""
,""

"3047","Mount Carmel College - [MCC], Bangalore","Bangalore, Karnataka","","","","",""
,""

"4984","Stella Maris College, Chennai","Chennai, Tamil Nadu","","","","",""
,""

"2708","Madras Christian College - [MCC], Chennai","Chennai, Tamil Nadu","","","","",""
,""

"4970","St. Xavier's College - [SXC], Kolkata","Kolkata, West Bengal","","","","",""
,""

"2651","M.O.P. Vaishnav College for Women, Chennai","Chennai, Tamil Nadu","","","","",""
,""

"4840","Sri Venkateswara College, New Delhi","New Delhi, Delhi NCR","","","","",""
,""

"15843","HR College of Commerce and Economics, Mumbai","Mumbai, Maharashtra","","","","",""
,""

"3268","Nizam College, Hyderabad","Hyderabad, Telangana","","","","",""
,""

"2772","Maharani Lakshmi Ammanni College for Women - [MLACW], Bangalore","Bangalore, Karnataka","","","","",""
,""

"1999","Indraprastha College for Women - [IP], New Delhi","New Delhi, Delhi NCR","","","","",""
,""

"15792","Goenka College of Commerce and Business Administration, Kolkata","Kolkata, West Bengal","","","","",""
,""

"1010","Delhi College of Arts and Commerce - [DCAC], New Delhi","New Delhi, Delhi NCR","","","","",""
,""

"1265","Ethiraj College for Women, Chennai","Chennai, Tamil Nadu","","","","",""
,""

"2229","K J Somaiya College of Arts & Commerce - [KJSAC], Mumbai","Mumbai, Maharashtra","","","","",""
,""

"1351","Gargi College, New Delhi","New Delhi, Delhi NCR","","","","",""
,""

"4165","Seshadripuram College, Bangalore","Bangalore, Karnataka","","","","",""
,""

"2177","Jesus and Mary College - [JMC], New Delhi","New Delhi, Delhi NCR","","","","",""
,""

"690","Brihan Maharashtra College of Commerce - [BMCC], Pune","Pune, Maharashtra","","","","",""
,""

"4891","St.Albert's College, Ernakulam","Ernakulam, Kerala","","","","",""
,""

"4712","Sri Bhagawan Mahaveer Jain College (Evening), V V Puram Campus - [SBMJC], Bangalore","Bangalore, Karnataka","","","","",""
,""

"4192","Shaheed Bhagat Singh College, New Delhi","New Delhi, Delhi NCR","","","","",""
,""

"3981","Sacred Heart College - [SH] Thevara, Ernakulam","Ernakulam, Kerala","","","","",""
,""

"28307","Indian Institute of Management and Commerce - [IIMC], Hyderabad","Hyderabad, Telangana","","","","",""
,""

"15841","HL College of Commerce - [HLCC], Ahmedabad","Ahmedabad, Gujarat","","","","",""
,""

"4742","Sri Guru Gobind Singh College of Commerce, New Delhi","New Delhi, Delhi NCR","","","","",""
,""

"3479","Presidency College, Chennai","Chennai, Tamil Nadu","","","","",""
,""

"4887","St Xaviers College, Jaipur","Jaipur, Rajasthan","","","","",""
,""

"4909","St Francis College for Women, Hyderabad","Hyderabad, Telangana","","","","",""
,""

"3006","Mithibai College of Arts, Mumbai","Mumbai, Maharashtra","","","","",""
,""

"2209","Jyoti Nivas College - [JNC], Bangalore","Bangalore, Karnataka","","","","",""
,""

"15659","Bhavan's Sheth RA Shah College of Arts and Commerce - [BSRASCAC], Ahmedabad","Ahmedabad, Gujarat","","","","",""
,""

"16112","RA Podar College of Commerce and Economics, Mumbai","Mumbai, Maharashtra","","","","",""
,""

"15598","Anil Surendra Modi School of Commerce - [SOC], Mumbai","Mumbai, Maharashtra","","","","",""
,""

"3708","Ramjas College, New Delhi","New Delhi, Delhi NCR","","","","",""
,""

"2100","Jai Hind College, Mumbai","Mumbai, Maharashtra","","","","",""
,""

"15984","Lala Lajpat Rai College of Commerce and Economics, Mumbai","Mumbai, Maharashtra","","","","",""
,""

"3860","SIES College of Arts Science and Commerce, Mumbai","Mumbai, Maharashtra","","","","",""
,""

"2594","Loyola Academy Degree and PG College, Secunderabad","Secunderabad, Telangana","","","","",""
,""

"5137","The New College, Chennai","Chennai, Tamil Nadu","","","","",""
,""

"16926","St Joseph's Degree and PG College, Hyderabad","Hyderabad, Telangana","","","","",""
,""

"5859","JD Birla Institute - [JDBI], Kolkata","Kolkata, West Bengal","","","","",""
,""

"4898","St Ann's College for Women, Hyderabad","Hyderabad, Telangana","","","","",""
,""

"1173","Dr. Lankapalli Bullayya College, Visakhapatnam","Visakhapatnam, Andhra Pradesh","","","","",""
,""

"2023","Isabella Thoburn Degree College - [ITDC], Lucknow","Lucknow, Uttar Pradesh","","","","",""
,""

"5124","The Bhawanipur Education Society College - [BESC], Kolkata","Kolkata, West Bengal","","","","",""
,""

"16058","Ness Wadia College of Commerce, Pune","Pune, Maharashtra","","","","",""
,""

"2343","Kanoria College, Jhunjhunu","Jhunjhunu, Rajasthan","","","","",""
,""

"28328","Sydenham College of Commerce & Economics, Mumbai","Mumbai, Maharashtra","","","","NAAC",""
,""

"3757","Rathinam College of Arts and Science, Coimbatore","Coimbatore, Tamil Nadu","","","","",""
,""

"2976","Mehr Chand Mahajan Dayanand Anglo Vedic College for Women - [MCM DAV], Chandigarh","Chandigarh, Chandigarh","","","","",""
,""

"4370","Shri Jai Narain PG College, Lucknow","Lucknow, Uttar Pradesh","","","","",""
,""

"927","D.R. Nayapalli College, Bhubaneswar","Bhubaneswar, Orissa","","","","",""
,""

"3333","PSGR Krishnammal College for Women, Coimbatore","Coimbatore, Tamil Nadu","","","","",""
,""

"4167","Seth Anandaram Jaipuria College, Kolkata","Kolkata, West Bengal","","","","",""
,""

"3010","Modern College of Arts Science and Commerce - [MCASC] Shivajinagar, Pune","Pune, Maharashtra","","","","",""
,""

"4554","Sivanath Sastri College, Kolkata","Kolkata, West Bengal","","","","",""
,""

"4174","Seth Soorajmull Jalan Girls College - [S.S.J.G.C], Kolkata","Kolkata, West Bengal","","","","",""
,""

"3184","National Post Graduate College, Lucknow","Lucknow, Uttar Pradesh","","","","",""
,""

"3099","NMKRV College for Women, Bangalore","Bangalore, Karnataka","","","","",""
,""

"2220","KD College of Commerce & General Studies, Midnapore","Midnapore, West Bengal","","","","",""
,""

"1915","Hislop College, Nagpur","Nagpur, Maharashtra","","","","",""
,""

"15796","Goswami Ganesh Dutt Sanatan Dharama College - [GGDSD], Chandigarh","Chandigarh, Chandigarh","","","","Punjab University Chandigarh",""
,""

"3682","Rama Devi Women's University, Bhubaneswar","Bhubaneswar, Orissa","","","","",""
,""

"1153","Dr. D.Y. Patil Arts, Science and Commerce College Pimpri, Pune","Pune, Maharashtra","","","","",""
,""

"15716","DAV Velankar College of Commerce, Solapur","Solapur, Maharashtra","","","","",""
,""

"16955","TSR and TBK Degree and PG College, Visakhapatnam","Visakhapatnam, Andhra Pradesh","","","","",""
,""

"2716","Magadh Mahila College, Patna","Patna, Bihar","","","","",""
,""

"1237","DG Vaishnav College - [DDGDVC], Chennai","Chennai, Tamil Nadu","","","","",""
,""

"1102","Dispur College, Guwahati","Guwahati, Assam","","","","",""
,""

"47302","Tolani College of Commerce - [TCC], Mumbai","Mumbai, Maharashtra","","","","",""
,""

"4956","St Teresa's College (Autonomous), Ernakulam","Ernakulam, Kerala","","","","",""
,""

"1348","Garden City University - [GCU], Bangalore","Bangalore, Karnataka","","","","",""
,""

"3141","Nagindas Khandwala College of Commerce, Mumbai","Mumbai, Maharashtra","","","","",""
,""

"1056","Dhanwate National College - [DNC], Nagpur","Nagpur, Maharashtra","","","","",""
,""

"3394","Patna Women's College - [PWC], Patna","Patna, Bihar","","","","",""
,""

"2004","Institute for Excellence in Higher Education - [IEHE], Bhopal","Bhopal, Madhya Pradesh","","","","",""
,""

"16532","Dr GR Damodaran College of Science - [GRDCS], Coimbatore","Coimbatore, Tamil Nadu","","","","",""
,""

"25853","University of Rajasthan, Jaipur","Jaipur, Rajasthan","","","","",""
,""

"16251","Siliguri College of Commerce, Siliguri","Siliguri, West Bengal","1962","","","",""
,""

"4537","Sir Sayyed College of Arts Commerce and Science - [SSC], Aurangabad","Aurangabad, Maharashtra","","","","",""
,""

"15853","Hirachand Nemchand College of Commerce, Solapur","Solapur, Maharashtra","","","","",""
,""

"869","College of Commerce, Arts & Science, Patna","Patna, Bihar","","","","",""
,""

"16237","Shri Shikshayatan College, Kolkata","Kolkata, West Bengal","","","","",""
,""

"4057","Sangameshwar College, Solapur","Solapur, Maharashtra","","","","",""
,""

"740","Career College, Bhopal","Bhopal, Madhya Pradesh","","","","",""
,""

"15681","CMS College of Science and Commerce, Coimbatore","Coimbatore, Tamil Nadu","","","","",""
,""

"15637","B.Y.K. Sinnar College of Commerce - [BYK], Nashik","Nashik, Maharashtra","","","","",""
,""

"25978","University of Lucknow, Lucknow","Lucknow, Uttar Pradesh","","","State University","",""
,""

"3659","Ram Krishna Dwarika College - [RKD], Patna","Patna, Bihar","","","","",""
,""

"15808","Government College of Commerce and Business Administration, Chandigarh","Chandigarh, Chandigarh","","","","Punjab University, Chandigarh",""
,""

"3430","Poona College of Arts, Science and Commerce - [PCASC], Pune","Pune, Maharashtra","","","","",""
,""

"15717","D.G. Ruparel College of Arts Science and Commerce, Mumbai","Mumbai, Maharashtra","","","","",""
,""

"63","Abeda Inamdar Senior College, Pune","Pune, Maharashtra","","","","",""
,""

"15595","Ananda Chandra College of Commerce, Jalpaiguri","Jalpaiguri, West Bengal","","","","",""
,""

"5357","Vinayakrao Patil Mahavidyalaya, Aurangabad","Aurangabad, Maharashtra","","","","",""
,""

"16033","Marathwada Mitra Mandal's College of Commerce - [MMCC], Pune","Pune, Maharashtra","","","","",""
,""

"1092","Dinabandhu Andrews College - [DAC], Baishnabnagar","Baishnabnagar, West Bengal","","","","AICTE",""
,""

"581","Bharata Mata College - [BMC], Kochi","Kochi, Kerala","","","","",""
,""

"44","A.V. College of Arts Science and Commerce - [AV College], Hyderabad","Hyderabad, Telangana","","Osmania University","","",""
,""

"1435","Government Maharani Laxmi Bai Girls PG College, Indore","Indore, Madhya Pradesh","","","","",""
,""

"4694","Sri Agrasen Kanya P.G. College, Varanasi","Varanasi, Uttar Pradesh","","","","",""
,""

"15641","Badruka College of Commerce and Arts - [BCCA], Hyderabad","Hyderabad, Telangana","","","","",""
,""

"21405","Mahila Vidyalaya PG College, Lucknow","Lucknow, Uttar Pradesh","","","","",""
,""

"4454","Shri Shivaji College of Arts Commerce and Science, Akola","Akola, Maharashtra","","","","",""
,""

"15776","GS College of Commerce and Economics, Nagpur","Nagpur, Maharashtra","","","","",""
,""

"4679","Sree Saraswathi Thyagaraja College, Coimbatore","Coimbatore, Tamil Nadu","","","","",""
,""

"15686","CU Shah Commerce College, Ahmedabad","Ahmedabad, Gujarat","","","","",""
,""

"15999","M.B. Khalsa College, Indore","Indore, Madhya Pradesh","","","","",""
,""

"17602","Fakir Mohan Autonomous College, Balasore","Balasore, Orissa","","","","",""
,""

"1252","Elphinstone College, Mumbai","Mumbai, Maharashtra","","","","",""
,""

"1238","Dwijendralal College, Nadia","Nadia, West Bengal","","","","",""
,""

"3261","Nirmala College for Women, Coimbatore","Coimbatore, Tamil Nadu","","","","",""
,""

"15569","Aditya College, Gwalior","Gwalior, Madhya Pradesh","","","","",""
,""

"28313","Maulana Azad College, Aurangabad","Aurangabad, Maharashtra","","","","",""
,""

"1762","Gujarat Arts and Commerce College, Ahmedabad","Ahmedabad, Gujarat","","","","",""
,""

"2962","Maulana Azad College - [MAC], Kolkata","Kolkata, West Bengal","","","","",""
,""

"15677","CC Sheth College of Commerce, Ahmedabad","Ahmedabad, Gujarat","","","","",""
,""

"15983","LJ College of Commerce, Ahmedabad","Ahmedabad, Gujarat","","","","",""
,""

"5193","Udai Pratap College, Varanasi","Varanasi, Uttar Pradesh","","","","",""
,""

"905","DAVV Mateshwari Sugni Devi Girls College, Indore","Indore, Madhya Pradesh","","","","",""
,""

"25855","Eastern Institute for Integrated Learning in Management - [EIILM University], West Sikkim","West Sikkim, Sikkim","","","","",""
,""

"2463","Kongunadu Arts and Science College, Coimbatore","Coimbatore, Tamil Nadu","","","","National Assessment and Accreditation Council (NAAC) with “A” Grade",""
,""

"3368","Pandu College, Guwahati","Guwahati, Assam","","","","",""
,""

"15622","Avadh Girls' Degree College, Lucknow","Lucknow, Uttar Pradesh","","","","",""
,""

"2380","Kasturba Gandhi Degree and PG College for Women, Secunderabad","Secunderabad, Telangana","","","","",""
,""

"2597","Lucknow Christian Degree College, Lucknow","Lucknow, Uttar Pradesh","","","","",""
,""

"15708","City College of Commerce and Business Administration, Kolkata","Kolkata, West Bengal","","","","",""
,""

"392","Biju Pattnaik College of Science & Education - [BPCSE], Bhubaneswar","Bhubaneswar, Orissa","","","","",""
,""

"1909","Hindustan College of Arts and Science- [HICAS], Coimbatore","Coimbatore, Tamil Nadu","","","","",""
,""

"3731","Ranchi Women's College, Ranchi","Ranchi, Jharkhand","","","","",""
,""

"3364","Pandit Prithi Nath College - [PPN], Kanpur","Kanpur, Uttar Pradesh","","","","",""
,""

"45546","Post Graduate Government College for Girls, Chandigarh","Chandigarh, Chandigarh","","","","",""
,""

"25368","Osmania University - [OU], Hyderabad","Hyderabad, Telangana","","","","",""
,""

"2216","Kishinchand Chellaram College - [KC College] Churchgate, Mumbai","Mumbai, Maharashtra","","","","",""
,""

"467","Baji Rout Memorial College, Bhubaneswar","Bhubaneswar, Orissa","","","","",""
,""

"1425","Gossner College, Ranchi","Ranchi, Jharkhand","","","","",""
,""

"2758","Maharaja's College, Ernakulam","Ernakulam, Kerala","","","","",""
,""

"4940","St. Mira's College for Girls, Pune","Pune, Maharashtra","","","","",""
,""

"4967","St. Xavier's College - [SXC], Ranchi","Ranchi, Jharkhand","","","","",""
,""

"5425","Women's Christian College - [WCC], Chennai","Chennai, Tamil Nadu","","","","",""
,""

"2905","Manohar Lal Mahavidhyalaya, Kanpur","Kanpur, Uttar Pradesh","","","","",""
,""

"1628","Government M L B Girls PG College - [MLB], Bhopal","Bhopal, Madhya Pradesh","","","","",""
,""

"25950","Integral University, Lucknow","Lucknow, Uttar Pradesh","","","","",""
,""

"1780","Guru Nanak College, Chennai","Chennai, Tamil Nadu","","","","",""
,""

"2439","Kirti M Doongursee College of Arts Science and Commerce, Mumbai","Mumbai, Maharashtra","","","","",""
,""

"1030","Dev Samaj College for Women, Chandigarh","Chandigarh, Chandigarh","","","","",""
,""

"3681","Rama Degree College, Lucknow","Lucknow, Uttar Pradesh","","","","",""
,""

"25923","Babu Banarasi Das University - [BBDU], Lucknow","Lucknow, Uttar Pradesh","","","","",""
,""

"25819","Jaipur National University - [JNU], Jaipur","Jaipur, Rajasthan","","","","",""
,""

"2207","Justice Basheer Ahmed Sayeed College For Women - [JBAS], Chennai","Chennai, Tamil Nadu","","","","",""
,""

"3602","Raja Bahadur Venkat Rama Reddy Women's College - [RBVRR], Hyderabad","Hyderabad, Telangana","","","","",""
,""

"3259","Nirmala College, Ranchi","Ranchi, Jharkhand","","","","",""
,""

"8505","The Bhopal School of Social Sciences - [BSSS], Bhopal","Bhopal, Madhya Pradesh","","","","",""
,""

"3715","Rammohan College, Kolkata","Kolkata, West Bengal","","","","",""
,""

"3639","Rajeev Gandhi College, Bhopal","Bhopal, Madhya Pradesh","","","","",""
,""

"2671","M.S Ramaiah College of Arts, Science and Commerce - [MSRCASC], Bangalore","Bangalore, Karnataka","","","","",""
,""

"1311","Guru Nanak Khalsa College of Arts, Science & Commerce, Mumbai","Mumbai, Maharashtra","","","","",""
,""

"25419","Patna University - [PU], Patna","Patna, Bihar","","","","",""
,""

"25580","ICFAI University - [IUJ], Ranchi","Ranchi, Jharkhand","","","","",""
,""

"3456","Pragjyotish College, Guwahati","Guwahati, Assam","","","","",""
,""

"2344","Kanoria PG Mahila Mahavidyalaya, Jaipur","Jaipur, Rajasthan","","","","",""
,""

"334","Aurora's Degree College, Hyderabad","Hyderabad, Telangana","","","","",""
,""

"20102","DAV Mahavidyalaya, Bhopal","Bhopal, Madhya Pradesh","","","","",""
,""

"76","Acharya Girish Chandra Bose College - [AGCBC], Kolkata","Kolkata, West Bengal","","","","",""
,""

"3691","Ramakrishna Mission Vivekananda College, Chennai","Chennai, Tamil Nadu","","","","",""
,""

"3437","Post Graduate Government College, Chandigarh","Chandigarh, Chandigarh","","","","",""
,""

"3332","PSG College of Arts and Science, Coimbatore","Coimbatore, Tamil Nadu","","","","",""
,""

"25588","Sai Nath University, Ranchi","Ranchi, Jharkhand","","","","",""
,""

"5451","Yashwantrao Mohite College, Pune","Pune, Maharashtra","","","","",""
,""

"2396","Kelkar Education Trust's V.G. Vaze College of Arts Science and Commerce, Mumbai","Mumbai, Maharashtra","","","","",""
,""

"15739","Dhruv College of Commerce & Management, Nagpur","Nagpur, Maharashtra","","","","",""
,""

"1608","Government Hamidia Arts And Commerce College, Bhopal","Bhopal, Madhya Pradesh","","","","",""
,""

"54934","Shri Ramswaroop Memorial University - [SRMU], Lucknow","Lucknow, Uttar Pradesh","","","","",""
,""

"16302","Sri Krishna Arts and Science College, Coimbatore","Coimbatore, Tamil Nadu","","","","",""
,""

"983","Dayanand Brajendra Swarup College - [DBS], Kanpur","Kanpur, Uttar Pradesh","","","","",""
,""

"227","Andhra Mahila Sabha Arts and Science College for Women - [AMSASCW], Hyderabad","Hyderabad, Telangana","","","","",""
,""

"2242","KLE Society's S. Nijalingappa College - [KLESNC], Bangalore","Bangalore, Karnataka","","","","",""
,""

"3940","SS Jain Subodh PG College, Jaipur","Jaipur, Rajasthan","","","","",""
,""

"1026","Deshbandhu College for Girls, Kolkata","Kolkata, West Bengal","","","","",""
,""

"16102","Prin MC Shah Commerce College, Ahmedabad","Ahmedabad, Gujarat","","","","",""
,""

"706","CBM College of Arts and Science, Coimbatore","Coimbatore, Tamil Nadu","","","","",""
,""

"847","Christ Church College -[CCC], Kanpur","Kanpur, Uttar Pradesh","","","","",""
,""

"696","Budge Budge College, Kolkata","Kolkata, West Bengal","","","","",""
,""

"15819","Government Ramnarayan Chellaram College of Commerce and Management - [GRCCM], Bangalore","Bangalore, Karnataka","1948","","","",""
,""

"25888","Meenakshi Academy of Higher Education and Research - [MAHER], Chennai","Chennai, Tamil Nadu","","","","",""
,""

"3524","Queen Mary's College, Chennai","Chennai, Tamil Nadu","","","","",""
,""

"25798","Banasthali Vidyapith, Jaipur","Jaipur, Rajasthan","","","","",""
,""

"4538","Sir Sitaram and Lady Shantabai Patkar College of Arts and Science - [SSLSPCAS], Mumbai","Mumbai, Maharashtra","","","","",""
,""

"532","Basaveshwara College of Commerce, Arts & Science, Bangalore","Bangalore, Karnataka","","","","",""
,""

"3834","SDN Bhatt Vaishnav College for Women, Chennai","Chennai, Tamil Nadu","","","","",""
,""

"16286","Sree Narayana Guru College of Commerce, Mumbai","Mumbai, Maharashtra","","","","",""
,""

"20069","City Academy Degree College, Lucknow","Lucknow, Uttar Pradesh","","","","",""
,""

"3523","Quaide-E-Millath Government College for Women (Autonomous), Chennai","Chennai, Tamil Nadu","","","","",""
,""

"54865","Jayoti Vidyapeeth Women's University - [JVWU], Jaipur","Jaipur, Rajasthan","","","","",""
,""

"31","AP Sen Memorial Girls Degree College, Lucknow","Lucknow, Uttar Pradesh","","","","",""
,""

"1877","Hasanath College for Women - [HCW], Bangalore","Bangalore, Karnataka","","","","",""
,""

"2724","Mahadevananda Mahavidyalaya, Kolkata","Kolkata, West Bengal","","","","",""
,""

"314","Asan Memorial College of Arts and Science - [AMCAS], Chennai","Chennai, Tamil Nadu","","","","",""
,""

"2652","M P Arts and M H Commerce College for Women - [MPAMHCCW], Ahmedabad","Ahmedabad, Gujarat","","","","",""
,""

"9184","Vivekananda Degree College, Bangalore","Bangalore, Karnataka","","","","",""
,""

"25807","The IIS University - [IISU], Jaipur","Jaipur, Rajasthan","","","","",""
,""

"2","Alpha Arts and Science College - [AASC], Chennai","Chennai, Tamil Nadu","","","","",""
,""

"495","Bangabasi College, Kolkata","Kolkata, West Bengal","","","","",""
,""

"7411","Kasturi Ram College of Higher Education, New Delhi","New Delhi, Delhi NCR","","","","",""
,""

"25716","Narsee Monjee Institute of Management Studies - [NMIMS Deemed to be University], Mumbai","Mumbai, Maharashtra","","","","",""
,""

"25450","Guru Gobind Singh Indraprastha University - [GGSIPU], New Delhi","New Delhi, Delhi NCR","","","","",""
,""

"25500","Maharaja Sayajirao University of Baroda - [MSU], Baroda","Baroda, Gujarat","","","","",""
,""

"25460","Jamia Millia Islamia University-[JMI], New Delhi","New Delhi, Delhi NCR","","","","",""
,""

"25542","O. P. Jindal Global University - [JGU], Sonepat","Sonepat, Haryana","","","","",""
,""

"25473","University of Delhi - [DU], New Delhi","New Delhi, Delhi NCR","","","","",""
,""

"3477","Presidency College, Bangalore","Bangalore, Karnataka","","","","",""
,""

"25914","Vellore Institute of Technology - [VIT University], Vellore","Vellore, Tamil Nadu","","","Deemed to be University","",""
,""

"25535","Maharshi Dayanand University - [MDU], Rohtak","Rohtak, Haryana","","","","",""
,""

"25662","Devi Ahilya Vishwavidyalaya, Indore","Indore, Madhya Pradesh","","","","",""
,""

"4924","St Joseph's College Devagiri, Calicut","Calicut, Kerala","","","","",""
,""

"25895","SASTRA University, Thanjavur","Thanjavur, Tamil Nadu","","","","",""
,""

"2734","Maharaja Agrasen College - [MAC], New Delhi","New Delhi, Delhi NCR","","","","",""
,""

"57960","Xavier University - [XUB], Bhubaneswar","Bhubaneswar, Orissa","","","Deemed University","",""
,""

"25731","University of Mumbai, Mumbai","Mumbai, Maharashtra","","","","",""
,""

"25688","Bharati Vidyapeeth University - [BVU], Pune","Pune, Maharashtra","","","","",""
,""

"25868","Annamalai University, Chidambaram","Chidambaram, Tamil Nadu","","","","",""
,""

"2321","Kamla Nehru College for Women - [KMC], Kapurthala","Kapurthala, Punjab","","","","",""
,""

"25503","Nirma University - [NU], Ahmedabad","Ahmedabad, Gujarat","","","","",""
,""

"25964","Noida International University - [NIU], Gautam Budh Nagar","Gautam Budh Nagar, Uttar Pradesh","","","","",""
,""

"15560","Acharya Narendra Dev College - [ANDC], New Delhi","New Delhi, Delhi NCR","","","","",""
,""

"24549","Osmania University College for Women - [UCW], Hyderabad","Hyderabad, Telangana","","","","",""
,""

"25732","Savitribai Phule Pune University - [SPPU], Pune","Pune, Maharashtra","","","","",""
,""

"54797","Amity University, Noida","Noida, Uttar Pradesh","","","Deemed University","",""
,""

"25924","Banaras Hindu University - [BHU], Varanasi","Varanasi, Uttar Pradesh","","","Public University","",""
,""

"25833","NIMS University, Jaipur","Jaipur, Rajasthan","","","","",""
,""

"4969","St Xavier's College, Ahmedabad","Ahmedabad, Gujarat","","","","",""
,""

"25972","Sharda University - [SU], Greater Noida","Greater Noida, Uttar Pradesh","","","","",""
,""

"54988","OPJS University, Churu","Churu, Rajasthan","","","","",""
,""

"4151","Scottish Church College, Kolkata","Kolkata, West Bengal","","","","",""
,""

"25536","Manav Rachna International Institute of Research and Studies - [MRIIRS], Faridabad","Faridabad, Haryana","","","Deemed to be","",""
,""

"28190","Kristu Jayanti College - [KJC], Bangalore","Bangalore, Karnataka","","","","",""
,""

"25930","Chaudhary Charan Singh University - [CCS], Meerut","Meerut, Uttar Pradesh","","","","",""
,""

"25918","Aligarh Muslim University - [AMU], Aligarh","Aligarh, Uttar Pradesh","","","","",""
,""

"5203","Umiya Arts and Commerce College for Girls, Ahmedabad","Ahmedabad, Gujarat","","","","",""
,""

"25517","Ansal University- [AU], Gurgaon","Gurgaon, Haryana","","","","",""
,""

"25815","Jagannath University, Jaipur","Jaipur, Rajasthan","","","","",""
,""

"18416","MIT World Peace University - MIT, Pune","Pune, Maharashtra","","","","",""
,""

"25778","Chitkara University - [CU], Chandigarh","Chandigarh, Chandigarh","","","","",""
,""

"25857","Sikkim Manipal University - [SMU], East Sikkim","East Sikkim, Sikkim","","","","",""
,""

"25617","Manipal University - [MU], Manipal","Manipal, Karnataka","","","","",""
,""

"54837","Rayat Bahra University, Mohali","Mohali, Punjab","","","","",""
,""

"25927","Bundelkhand University, Jhansi","Jhansi, Uttar Pradesh","","","","",""
,""

"28327","The National Degree College, Bangalore","Bangalore, Karnataka","","","","",""
,""

"28148","Dr. D.Y. Patil Vidya Pratishthan Society's, Pune","Pune, Maharashtra","","","","",""
,""

"25429","Dr. C.V. Raman University - [CVRU], Bilaspur","Bilaspur, Chhattisgarh","","","","",""
,""

"27965","PCTE Group of Institutes, Ludhiana","Ludhiana, Punjab","","","","",""
,""

"25780","Desh Bhagat University - [DBU], Gobindgarh","Gobindgarh, Punjab","","","","",""
,""

"25985","Graphic Era University - [GEU], Dehradun","Dehradun, Uttarakhand","","","","",""
,""

"2618","MES College of Arts, Commerce & Science, Bangalore","Bangalore, Karnataka","","","","",""
,""

"25668","ITM University, Gwalior","Gwalior, Madhya Pradesh","","","","",""
,""

"25896","SRM University Kattankulathur Campus - [SRM], Kanchipuram","Kanchipuram, Tamil Nadu","","","","",""
,""

"15559","AIMS Institutes, Bangalore","Bangalore, Karnataka","","","","",""
,""

"45496","Oriental School of Hotel Management Lakkidi, Wayanad","Wayanad, Kerala","","","","",""
,""

"25849","Suresh Gyan Vihar University - [SGVU], Jaipur","Jaipur, Rajasthan","","","","National Board of Accreditation (NBA)",""
,""

"25951","Invertis University, Bareilly","Bareilly, Uttar Pradesh","","","","",""
,""

"25656","AISECT University, Bhopal","Bhopal, Madhya Pradesh","","","","",""
,""

"25913","Vinayaka Missions University - [VMU], Salem","Salem, Tamil Nadu","","","","",""
,""

"25994","Kumaun University, Nainital","Nainital, Uttarakhand","","","","",""
,""

"1","AVVM Sri Pushpam College, Thanjavur","Thanjavur, Tamil Nadu","","","","",""
,""

"14509","Noorul Islam University [NICHE], Kanyakumari","Kanyakumari, Tamil Nadu","","","","",""
,""

"25860","Academy of Maritime Education and Training University - [AMET], Chennai","Chennai, Tamil Nadu","","","","",""
,""

"25893","Ponnaiyah Ramajayam Institute of Science and Technology University - [PRIST University], Thanjavur","Thanjavur, Tamil Nadu","","","","",""
,""

"25911","VELS University, Chennai","Chennai, Tamil Nadu","","","","",""
,""

"25968","Sam Higginbottom University of Agriculture Technology and Sciences - [SHUATS], Allahabad","Allahabad, Uttar Pradesh","","","","",""
,""

"25583","Kolhan University, Chaibasa","Chaibasa, Jharkhand","","","","",""
,""

"25958","Mangalayatan University - [MU], Aligarh","Aligarh, Uttar Pradesh","","","","",""
,""

"12537","St George College of Management Science and Nursing, Bangalore","Bangalore, Karnataka","","","","",""
,""

"17094","Administrative Management College - [AMC], Bangalore","Bangalore, Karnataka","","","","",""
,""

"25987","Hemwati Nandan Bahuguna Garhwal University, Garhwal","Garhwal, Uttarakhand","","","Central University","",""
,""

"4972","St. Xavier's College, Bardez","Bardez, Goa","","","","",""
,""

"25836","Pacific University, Udaipur","Udaipur, Rajasthan","","","","",""
,""

"18001","Institute of Information Technology and Management - [IITM] Janakpuri, New Delhi","New Delhi, Delhi NCR","","","","",""
,""

"1367","Gaya College, Gaya","Gaya, Bihar","","","","",""
,""

"25837","Poornima University - [PU], Jaipur","Jaipur, Rajasthan","","","","",""
,""

"17191","Annex College of Management Studies - [ACMS], Kolkata","Kolkata, West Bengal","","","","",""
,""

"25846","Singhania University, Jhunjhunu","Jhunjhunu, Rajasthan","","","","",""
,""

"17812","IIMT College of Management, Greater Noida","Greater Noida, Uttar Pradesh","","","","",""
,""

"17601","Fairfield Institute of Management and Technology - [FIMT], New Delhi","New Delhi, Delhi NCR","","","","",""
,""

"25451","Indira Gandhi National Open University - [IGNOU], New Delhi","New Delhi, Delhi NCR","","","","",""
,""

"25939","GLA University, Mathura","Mathura, Uttar Pradesh","","","","",""
,""

"18479","R.C. Institute of Technology - [RCIT], New Delhi","New Delhi, Delhi NCR","","","","",""
,""

"16685","Lucky Institute of Professional Studies, Jodhpur","Jodhpur, Rajasthan","","","","",""
,""

"45008","ATM Global Business School, Faridabad","Faridabad, Haryana","","","","",""
,""

"25817","Jai Narain Vyas University - [JNVU], Jodhpur","Jodhpur, Rajasthan","","","","",""
,""

"4903","St Bede's College, Shimla","Shimla, Himachal Pradesh","","","","",""
,""

"17691","Global Institute of Management Sciences - [GIMS], Bangalore","Bangalore, Karnataka","","","","",""
,""

"25974","Shobhit University, Meerut","Meerut, Uttar Pradesh","","","Deemed to be University","",""
,""

"25989","Himgiri Zee University - [HZU], Dehradun","Dehradun, Uttarakhand","","","","",""
,""

"25462","KR Mangalam University, Gurgaon","Gurgaon, Haryana","","","","",""
,""

"25977","Teerthanker Mahaveer University - [TMU], Moradabad","Moradabad, Uttar Pradesh","","","","",""
,""

"21874","Presidency College of Education and Technology, Meerut","Meerut, Uttar Pradesh","","","","",""
,""

"25354","GITAM, Visakhapatnam","Visakhapatnam, Andhra Pradesh","","","","",""
,""

"1761","Greenway Institute of Management Studies - [GIMS], Dehradun","Dehradun, Uttarakhand","","","","",""
,""

"5138","The New College, Kolhapur","Kolhapur, Maharashtra","","","","",""
,""

"9622","Lachoo Memorial College Science and Technology, Jodhpur","Jodhpur, Rajasthan","","","","",""
,""

"25379","Sri Venkateswara University - [SVU], Tirupati","Tirupati, Andhra Pradesh","","","","",""
,""

"25485","Dr Babasaheb Ambedkar Open University - [BAOU], Ahmedabad","Ahmedabad, Gujarat","","","","",""
,""

"848","Christ College, Rajkot","Rajkot, Gujarat","","","","",""
,""

"15621","ASM's College of Commerce, Science & Information Technology - [CSIT], Pune","Pune, Maharashtra","","","","",""
,""

"16837","SJES College of Management Studies, Bangalore","Bangalore, Karnataka","","","","",""
,""

"15667","Bishop Vayalil Memorial Holy Cross College, Kottayam","Kottayam, Kerala","","","","",""
,""

"13678","GICTS Group of Institutions, Gwalior","Gwalior, Madhya Pradesh","","","","",""
,""

"25486","Ganpat University, Mehsana","Mehsana, Gujarat","","","","",""
,""

"24169","Lokmanya College of Computer Applications, Ahmedabad","Ahmedabad, Gujarat","","","","",""
,""

"18028","Institute of Management Education Group of Colleges - [IME], Ghaziabad","Ghaziabad, Uttar Pradesh","","","","",""
,""

"25560","Indus International University - [IIU], Una","Una, Himachal Pradesh","","","","",""
,""

"311","Arya Post Graduate College, Panipat","Panipat, Haryana","","","","",""
,""

"16129","Rajiv Academy for Technology and Management - [RATM], Mathura","Mathura, Uttar Pradesh","","","","",""
,""

"25476","Ahmedabad University, Ahmedabad","Ahmedabad, Gujarat","","","","",""
,""

"852","Christ College, Pune","Pune, Maharashtra","","","","",""
,""

"18672","Sambhram Academy of Management Studies - [SAMS], Bangalore","Bangalore, Karnataka","","","","",""
,""

"25801","Career Point University - [CPU], Kota","Kota, Rajasthan","","","Private","",""
,""

"25845","Shridhar University, Pilani","Pilani, Rajasthan","","","","",""
,""

"4932","St. Mary's College, Sulthan Batheri","Sulthan Batheri, Kerala","","","","",""
,""

"25847","Sir Padampat Singhania University - [SPSU], Udaipur","Udaipur, Rajasthan","","","","",""
,""

"25565","Shoolini University, Solan","Solan, Himachal Pradesh","","","","",""
,""

"1500","Government College, Kasaragod","Kasaragod, Kerala","","","","",""
,""

"1615","Government Jamuna Prasad Verma Post Graduate Arts and Commerce College, Bilaspur","Bilaspur, Chhattisgarh","","","","",""
,""

"56795","GIBS Business School, Bangalore","Bangalore, Karnataka","","","","",""
,""

"25362","K L University - [KLU], Guntur","Guntur, Andhra Pradesh","","","","",""
,""

"25784","Guru Nanak Dev University - [GNDU], Amritsar","Amritsar, Punjab","","","State University","NAAC",""
,""

"25932","Dayalbagh Educational Institute - [DEI], Agra","Agra, Uttar Pradesh","","","","",""
,""

"25344","Acharya Nagarjuna University - [ANU], Guntur","Guntur, Andhra Pradesh","","","","",""
,""

"25365","Maulana Azad National Urdu University - [MANUU], Hyderabad","Hyderabad, Telangana","","","","",""
,""

"25734","Yashwantrao Chavan Maharashtra Open University- [YCMOU], Nashik","Nashik, Maharashtra","","","","",""
,""

"25634","Yenepoya University, Mangalore","Mangalore, Karnataka","","","","",""
,""

"25421","Tilka Manjhi Bhagalpur University - [TMBU], Bhagalpur","Bhagalpur, Bihar","","","","",""
,""

"25830","Mewar University - [MU], Chittorgarh","Chittorgarh, Rajasthan","","","","",""
,""

"3717","Ramniranjan Jhunjhunwala College - [R.J.C], Mumbai","Mumbai, Maharashtra","","","","",""
,""

"1112","Doaba College, Jalandhar","Jalandhar, Punjab","","","","",""
,""

"55100","DAV College - [DAV], Kanpur","Kanpur, Uttar Pradesh","","","","",""
,""

"25636","Amrita Vishwa Vidyapeetham Kochi Campus, Kochi","Kochi, Kerala","","","Deemed to be University","",""
,""

"2542","Lal Bahadur Shastri PG College, Jaipur","Jaipur, Rajasthan","","","","",""
,""

"589","Bharathidasan Government College for Women - [BGCW], Pondicherry","Pondicherry, Puducherry","","","","",""
,""

"25474","Goa University, North Goa","North Goa, Goa","","","","",""
,""

"25848","SunRise University - [SRU], Alwar","Alwar, Rajasthan","","","","",""
,""

"16594","Islamia Karimia College - [IKC], Indore","Indore, Madhya Pradesh","","","","",""
,""

"25976","Swami Vivekanand Subharti University - [SVSU], Meerut","Meerut, Uttar Pradesh","","","","",""
,""

"106","Aditi Mahavidyalaya - [AMV], New Delhi","New Delhi, Delhi NCR","","","","",""
,""

"28103","Dev Bhoomi Group of Institutions - [DBGI], Dehradun","Dehradun, Uttarakhand","","","","",""
,""

"25879","Hindustan Institute of Technology and Science - [HITS], Chennai","Chennai, Tamil Nadu","","","","",""
,""

"21006","Kamal Institute of Higher Education & Advance Technology - [KIHEAT], New Delhi","New Delhi, Delhi NCR","","","","",""
,""

"1959","Indian Academy Degree College - [IADC-A], Bangalore","Bangalore, Karnataka","","","","",""
,""

"25404","Bhupendra Narayan Mandal University - [BNMU], Madhepura","Madhepura, Bihar","In The Year 1992","","","",""
,""

"23888","Bishamber Sahai Degree College, Roorkee","Roorkee, Uttarakhand","","","","",""
,""

"25752","The Global Open University - [TGOU], Dimapur","Dimapur, Nagaland","","","","",""
,""

"891","DAV College - [DAVC], Chandigarh","Chandigarh, Chandigarh","","","","",""
,""

"25534","Maharishi Markandeshwar - [MMDU] Mullana Campus, Ambala","Ambala, Haryana","","","Deemed to be","",""
,""

"25877","Dr. M.G.R. Educational and Research Institute, Chennai","Chennai, Tamil Nadu","","","","",""
,""

"1749","Government Victoria College, Palakkad","Palakkad, Kerala","Started as Rate School and reached up as prominent institute by funds from state government.","","","",""
,""

"13688","HKBK College of Engineering - [HKBKCE], Bangalore","Bangalore, Karnataka","","","","",""
,""

"27877","Arihant Group of Institutes - [AGI], Pune","Pune, Maharashtra","","","","",""
,""

"28310","BJB Autonomous College - [BJBAC], Bhubaneswar","Bhubaneswar, Orissa","","","","",""
,""

"8776","Hoogly Mohsin College Chinsurah, Hooghly","Hooghly, West Bengal","","","","",""
,""

"25997","University of Petroleum and Energy Studies - [UPES], Dehradun","Dehradun, Uttarakhand","","","State University","",""
,""

"54847","Shree Guru Gobind Singh Tricentenary University - [SGT], Gurgaon","Gurgaon, Haryana","","","","",""
,""

"55099","People's University, Bhopal","Bhopal, Madhya Pradesh","","","State Private university","",""
,""

"2729","Mahant Laxminarayan Das College, Raipur","Raipur, Chhattisgarh","","","","",""
,""

"25919","University of Allahabad, Allahabad","Allahabad, Uttar Pradesh","","","","",""
,""

"25414","Magadh University - [MU], Gaya","Gaya, Bihar","","","","",""
,""

"894","DAV College, Jalandhar","Jalandhar, Punjab","","","","",""
,""

"55139","The Northcap University - [NCU], Gurgaon","Gurgaon, Haryana","","","","",""
,""

"25885","Karunya Institute of Technology and Sciences - [Karunya University], Coimbatore","Coimbatore, Tamil Nadu","","","","",""
,""

"718","CMK National Post Graduate Girls College, Sirsa","Sirsa, Haryana","","","","",""
,""

"25523","Chaudhary Devi Lal University - [CDLU], Sirsa","Sirsa, Haryana","","","Stata University","",""
,""

"25787","Lovely Professional University - [LPU], Jalandhar","Jalandhar, Punjab","","","Private","",""
,""

"25516","Amity University, Gurgaon","Gurgaon, Haryana","","","","",""
,""

"5868","JaganNath Institute of Management Sciences - [JIMS] Sector-3 Rohini, New Delhi","New Delhi, Delhi NCR","","","","",""
,""

"25423","Panjab University - [PU], Chandigarh","Chandigarh, Chandigarh","","","","",""
,""

"4489","Shrimathi Devkunvar Nanalal Bhatt Vaishnav College for Women (Evening), Chennai","Chennai, Tamil Nadu","","","","",""
,""

"25348","Dr. B.R. Ambedkar Open University - [BRAOU], Hyderabad","Hyderabad, Telangana","","","","",""
,""

"25491","Gujarat University - [GU], Ahmedabad","Ahmedabad, Gujarat","","","","",""
,""

"25684","RKDF University, Bhopal","Bhopal, Madhya Pradesh","","","","",""
,""

"25797","Amity University, Jaipur","Jaipur, Rajasthan","","","","",""
,""

"25891","Periyar Maniammai University - [PMU], Thanjavur","Thanjavur, Tamil Nadu","","","","",""
,""

"5666","SDPS Women's College, Indore","Indore, Madhya Pradesh","","","","",""
,""

"1001","Deen Dayal Upadhyaya College, New Delhi","New Delhi, Delhi NCR","","","","",""
,""

"2300","Kalindi College, New Delhi","New Delhi, Delhi NCR","","","","",""
,""

"19612","Aryavart Institute of Higher Education - [AIHE], Lucknow","Lucknow, Uttar Pradesh","","","","",""
,""

"25736","Manipur University - [MU], Imphal","Imphal, Manipur","","","","",""
,""

"25395","Gauhati University - [GU], Guwahati","Guwahati, Assam","","","","",""
,""

"25635","Amrita Vishwa Vidyapeetham Amritapuri Campus, Kollam","Kollam, Kerala","","","Deemed to be","",""
,""

"17658","Garware Institute of Career Education and Development - [GICED], Mumbai","Mumbai, Maharashtra","","","","",""
,""

"18452","Prestige Institute of Management Dewas - [PIMD], Indore","Indore, Madhya Pradesh","","","","",""
,""

"25871","Bharath Institute of Higher Education and Research - [BIHER], Chennai","Chennai, Tamil Nadu","","","","",""
,""

"15439","Techno India University, Kolkata","Kolkata, West Bengal","","","","",""
,""

"25401","Tezpur University - [TU], Tezpur","Tezpur, Assam","","","","",""
,""

"25430","Guru Ghasidas Vishwavidyalaya - [GGU], Bilaspur","Bilaspur, Chhattisgarh","","","","",""
,""

"25533","Maharishi Markandeshwar sadopur Campus, Ambala","Ambala, Haryana","","","","",""
,""

"25606","Jain University - [JU], Bangalore","Bangalore, Karnataka","","","","",""
,""

"25757","Centurion University of Technology and Management - [CUTM], Bhubaneswar","Bhubaneswar, Orissa","","","","",""
,""

"25821","Jodhpur National University - [JNU], Jodhpur","Jodhpur, Rajasthan","","","","",""
,""

"25869","Avinashilingam Institute For Home Science and Higher Education For Women, Coimbatore","Coimbatore, Tamil Nadu","1957","","Deemed to be University","National Assessment and Accreditation Council",""
,""

"25884","Karpagam University - [KAHE], Coimbatore","Coimbatore, Tamil Nadu","","","","",""
,""

"25899","Sri Chandrasekharendra Saraswathi Viswa Mahavidyalaya - [SCSVMV University], Kanchipuram","Kanchipuram, Tamil Nadu","","","Deemed to be","",""
,""

"25940","Galgotias University - [GU], Greater Noida","Greater Noida, Uttar Pradesh","","","","",""
,""

"8666","Chanderprabhu Jain College of Higher Studies & School of Law, New Delhi","New Delhi, Delhi NCR","","","","",""
,""

"680","Bongaigaon College, Bongaigaon","Bongaigaon, Assam","","","","",""
,""

"25933","Deen Dayal Upadhyaya Gorakhpur University - [DDU], Gorakhpur","Gorakhpur, Uttar Pradesh","","","","",""
,""

"28173","RIMT University, Gobindgarh","Gobindgarh, Punjab","","","","",""
,""

"2915","Mar Ivanios College, Thiruvananthapuram","Thiruvananthapuram, Kerala","","","","",""
,""

"25904","Tamil Nadu Open University - [TNOU], Chennai","Chennai, Tamil Nadu","","","","",""
,""

"903","DAV Post Graduate College, Varanasi","Varanasi, Uttar Pradesh","","","","",""
,""

"16101","Prestige Institute of Management and Research - [PIMR], Indore","Indore, Madhya Pradesh","","","","",""
,""

"16910","Sinhgad College of Science - [SCOS] Ambegaon, Pune","Pune, Maharashtra","","","","",""
,""

"8665","Chanakya Law College, Udham Singh Nagar","Udham Singh Nagar, Uttarakhand","","","","",""
,""

"4522","Silver Jubilee Government Degree College, Kurnool","Kurnool, Andhra Pradesh","","","","",""
,""

"2324","Government Kamla Raja Girls Post Graduate Autonomous College, Gwalior","Gwalior, Madhya Pradesh","","","","",""
,""

"1277","Farook College, Kozhikode","Kozhikode, Kerala","","","","",""
,""

"45143","Gramonnati Mandal's Arts, Commerce & Science College - [ACSC] Narayangaon, Pune","Pune, Maharashtra","","","","",""
,""

"25998","Uttarakhand Open University - [UOU], Nainital","Nainital, Uttarakhand","","","","",""
,""

"15646","Banaras Institute of Teacher's Education, Varanasi","Varanasi, Uttar Pradesh","","","","",""
,""

"17781","Himalayan Institute of Technology - [HIT], Dehradun","Dehradun, Uttarakhand","","","","",""
,""

"16895","Sri Agrasen Kanya PG College, Varanasi","Varanasi, Uttar Pradesh","","","","",""
,""

"8584","Altius Institute of Universal Studies, Indore","Indore, Madhya Pradesh","","","","",""
,""

"1782","Guru Nanak College, Budhlada - [GNC], Mansa","Mansa, Punjab","","","","",""
,""

"595","Bharatiya Jain Sanghatana's Arts, Science and Commerce college, Pune","Pune, Maharashtra","","","","",""
,""

"25556","Himachal Pradesh University - [HPU], Shimla","Shimla, Himachal Pradesh","","","","",""
,""

"25650","Mahatma Gandhi University - [MGU], Kottayam","Kottayam, Kerala","","","","",""
,""

"25724","Shreemati Nathibai Damodar Thackersey Women's University - [SNDT], Mumbai","Mumbai, Maharashtra","","","","",""
,""

"15698","Chankya Mahavidyalaya, Bhopal","Bhopal, Madhya Pradesh","","","","",""
,""

"25820","JECRC University - [JU], Jaipur","Jaipur, Rajasthan","","","","",""
,""

"54849","Rai Technology University - [RTU], Bangalore","Bangalore, Karnataka","","","","",""
,""

"25493","Hemchandracharya North Gujarat University - [HNGU], Patan","Patan, Gujarat","","","","",""
,""

"20798","J.V.Jain College, Saharanpur","Saharanpur, Uttar Pradesh","","","","",""
,""

"667","Bishop Heber College - [BHC], Thiruchirapalli","Thiruchirapalli, Tamil Nadu","","","","",""
,""

"1017","Deogiri College, Aurangabad","Aurangabad, Maharashtra","","","","",""
,""

"889","DAV College, Amritsar","Amritsar, Punjab","","","","",""
,""

"25667","Indira Gandhi National Tribal University - [IGNTU], Anuppur","Anuppur, Madhya Pradesh","","","","",""
,""

"17926","Indo Asian Academy Degree College, Bangalore","Bangalore, Karnataka","","","","",""
,""

"5654","RIMT College of Architecture, Fatehgarh Sahib","Fatehgarh Sahib, Punjab","","","","",""
,""

"15902","Jai Bharath Arts and Science College Perumbavoor - [JBASC], Ernakulam","Ernakulam, Kerala","","","","",""
,""

"25394","Assam Don Bosco University - [ADBU], Guwahati","Guwahati, Assam","","","","",""
,""

"1375","Gems Arts and Science College, Malappuram","Malappuram, Kerala","","","","",""
,""

"2462","Kongu Arts and Science College - [KASC], Erode","Erode, Tamil Nadu","","","","",""
,""

"3200","Navyug Kanya Degree College, Lucknow","Lucknow, Uttar Pradesh","","","","",""
,""

"1870","Harish Chandra Post Graduate College, Varanasi","Varanasi, Uttar Pradesh","","","","",""
,""

"4213","Shanti Devi Arya Mahila College, Gurdaspur","Gurdaspur, Punjab","","","","",""
,""

"2359","Karim City College - [KCC], Jamshedpur","Jamshedpur, Jharkhand","","","","",""
,""

"3949","SSM College of Arts and Science, Namakkal","Namakkal, Tamil Nadu","","","","",""
,""

"15581","All India Jat Heroes Memorial College, Rohtak","Rohtak, Haryana","","","","",""
,""

"9185","Vivekananda Institute of Professional Studies - [VIPS], New Delhi","New Delhi, Delhi NCR","","","","",""
,""

"1542","Government Degree College, Chhatarpur","Chhatarpur, Madhya Pradesh","","","","",""
,""

"57729","Punjabi University - [PU], Patiala","Patiala, Punjab","","","","",""
,""

"26001","Uttaranchal University, Dehradun","Dehradun, Uttarakhand","","","Deemed University","",""
,""

"56975","Maharaja Ranjit Singh Punjab Technical University -[MRSPTU], Bathinda","Bathinda, Punjab","","","","",""
,""

"7854","BFIT Group of Institutions, Dehradun","Dehradun, Uttarakhand","","","","",""
,""

"359","BES Degree College Jayanagar, Bangalore","Bangalore, Karnataka","","","","",""
,""

"312","Arya Vidyapeeth College - [AVC], Guwahati","Guwahati, Assam","","","","",""
,""

"25832","Mohanlal Sukhadia University - [MLSU], Udaipur","Udaipur, Rajasthan","1962","","","",""
,""

"15551","AV Abdurahiman Haji Arts & Science College, Kozhikode","Kozhikode, Kerala","","","","",""
,""

"1539","Government Degree College, Srinagar","Srinagar, Jammu and Kashmir","","","","",""
,""

"16004","M.I.E.T. Arts and Science College - [MIET], Thiruchirapalli","Thiruchirapalli, Tamil Nadu","","","","",""
,""

"685","Brahmavart Post Graduate College - [BVPGC], Kanpur","Kanpur, Uttar Pradesh","","","","",""
,""

"3573","RVS College of Arts and Science - [RVSCAS], Coimbatore","Coimbatore, Tamil Nadu","","","","",""
,""

"15885","International Institute of Professional Studies - [IIPS], Indore","Indore, Madhya Pradesh","","","","",""
,""

"17136","Alliance School of Business - [ASOB], Bangalore","Bangalore, Karnataka","","","","",""
,""

"17176","Amrut Mody School of Management - [AMSOM], Ahmedabad","Ahmedabad, Gujarat","","","","",""
,""

"17479","De Paul Institute of Science and Technology - [DIST] Angamaly, Kochi","Kochi, Kerala","","","","",""
,""

"17737","Guru Nanak Dev University College - [GNDUC], Jalandhar","Jalandhar, Punjab","","","","",""
,""

"25673","Madhya Pradesh Bhoj (Open) University, Bhopal","Bhopal, Madhya Pradesh","","","","",""
,""

"25677","Mahatma Gandhi Chitrakoot Gramoday Vishwavidyalaya- [MGCGV], Chitrakoot","Chitrakoot, Madhya Pradesh","","","","",""
,""

"25922","Babasaheb Bhimrao Ambedkar University - [BBAU], Lucknow","Lucknow, Uttar Pradesh","","","Central","",""
,""

"8125","St. Alphonsa College of Hotel Management Studies, Kozhikode","Kozhikode, Kerala","","","","",""
,""

"8099","Sambhram College of Hotel Management - [SCHM, Kolar","Kolar, Karnataka","","","","",""
,""

"16087","Pioneer Institute of Professional Studies - [PIPS], Indore","Indore, Madhya Pradesh","","","","",""
,""

"4124","Sarojini Naidu Vanita Mahavidyalaya - [SNVMV], Hyderabad","Hyderabad, Telangana","","","","",""
,""

"16157","SS Institute of Management - [SSIM], Lucknow","Lucknow, Uttar Pradesh","","","","",""
,""

"18756","Sherwood College of Professional Management - [SCPM], Lucknow","Lucknow, Uttar Pradesh","","","","",""
,""

"25920","Amity University, Lucknow","Lucknow, Uttar Pradesh","","","","",""
,""

"524","Barrackpore Rastraguru Surendranath College - [BRSNC], North 24 Parganas","North 24 Parganas, West Bengal","","","","",""
,""

"78","Acharya Jagadish Chandra Bose College, Kolkata","Kolkata, West Bengal","","","","",""
,""

"25944","IFTM University, Moradabad","Moradabad, Uttar Pradesh","","","","",""
,""

"16909","Sindhu Mahavidyalaya - [SMV], Nagpur","Nagpur, Maharashtra","","","","",""
,""

"3338","PVKN Govt Degree College - [PVKNGDC], Chittoor","Chittoor, Andhra Pradesh","","","","",""
,""

"1281","Fatima College, Madurai","Madurai, Tamil Nadu","","","","",""
,""

"25663","Dr. Hari Singh Gour University, Sagar","Sagar, Madhya Pradesh","","","Public","",""
,""

"497","Bangalore City College - [BCC], Bangalore","Bangalore, Karnataka","","","","",""
,""

"1860","Hans Raj Mahila Maha Vidyalaya - [HRMMV], Jalandhar","Jalandhar, Punjab","","","","",""
,""

"28064","Chandigarh Group of Colleges - [CGC] Landran, Mohali","Mohali, Punjab","","PTU Jalandhar","","",""
,""

"25721","Rashtrasant Tukadoji Maharaj Nagpur University - [RTMNU], Nagpur","Nagpur, Maharashtra","","","","",""
,""

"16668","Khandelwal College of Management Science and Technology - [KCMT], Bareilly","Bareilly, Uttar Pradesh","","","","",""
,""

"5422","Wilson College, Mumbai","Mumbai, Maharashtra","","","","",""
,""

"18451","Prestige Institute of Management - [PIMG], Gwalior","Gwalior, Madhya Pradesh","","","","",""
,""

"17527","Doon Business School - [DBS], Dehradun","Dehradun, Uttarakhand","","","","",""
,""

"23963","DC School of Management and Technology - [DCSMAT] Vegamon, Idukki","Idukki, Kerala","","","","",""
,""

"18293","Koshys Institute of Management Studies - [KOSHYS], Bangalore","Bangalore, Karnataka","","","","",""
,""

"2411","Khalsa College, Amritsar","Amritsar, Punjab","","","","",""
,""

"14048","Kruti Institute of Technology and Engineering - [KITE], Raipur","Raipur, Chhattisgarh","","","","",""
,""

"14248","Malout Institute of Management and Information Technology - [MIMIT], Malout","Malout, Punjab","","","","",""
,""

"14389","NC College of Engineering, Panipat","Panipat, Haryana","","","","",""
,""

"14918","Sanghvi Institute of Management and Science - [SIMS], Indore","Indore, Madhya Pradesh","","","","",""
,""

"25441","MATS University, Raipur","Raipur, Chhattisgarh","","","","",""
,""

"25518","Apeejay Stya University - [ASU], Gurgaon","Gurgaon, Haryana","","","","",""
,""

"25680","Oriental University - [OU], Indore","Indore, Madhya Pradesh","","","","",""
,""

"25870","B.S. Abdur Rahman Crescent Institute of Science & Technology, Chennai","Chennai, Tamil Nadu","","","","",""
,""

"25883","Kalasalingam University - [KLU], Krishnankovil","Krishnankovil, Tamil Nadu","","","","",""
,""

"25897","Sathyabama Institute of Science and Technology, Chennai","Chennai, Tamil Nadu","","","","",""
,""

"28681","Lingaya's University, Faridabad","Faridabad, Haryana","","","","",""
,""

"28802","Mody University, Sikar","Sikar, Rajasthan","","","Private  ","",""
,""

"28970","St. Peter's University, Chennai","Chennai, Tamil Nadu","","","Deemed to be University","",""
,""

"59283","Quantum University, Roorkee","Roorkee, Uttarakhand","","","","",""
,""

"83","Acharya Bangalore B-School - [ABBS], Bangalore","Bangalore, Karnataka","","","","",""
,""

"2248","KMM College of Arts and Science Thrikkakara, Cochin","Cochin, Kerala","","","","",""
,""

"18595","SCMS School of Technology and Management - [SSTM], Cochin","Cochin, Kerala","","","","",""
,""

"54826","Arunachal University of Studies - [AUS], Lohit","Lohit, Arunachal Pradesh","","","Private University","",""
,""

"28203","IMS Unison University - [IUU], Dehradun","Dehradun, Uttarakhand","","","","",""
,""

"672","Biyani College of Science and Management - [BCSM], Jaipur","Jaipur, Rajasthan","","","","",""
,""

"839","Chitransh A.D.P.G. College, Bhopal","Bhopal, Madhya Pradesh","","","","",""
,""

"4240","Shia PG College, Lucknow","Lucknow, Uttar Pradesh","","","","",""
,""

"4433","Shri Sahajanand Arts & Commerce College, Ahmedabad","Ahmedabad, Gujarat","","","","",""
,""

"4745","Sri Guru Tegh Bahadur Khalsa College - [SGTB], New Delhi","New Delhi, Delhi NCR","","","","",""
,""

"25646","University of Kerala - [KU], Thiruvananthapuram","Thiruvananthapuram, Kerala","","","","",""
,""

"1995","Indore Professional Studies Academy - [IPSA], Indore","Indore, Madhya Pradesh","","","","",""
,""

"25499","Kadi Sarva Vishwavidyalaya, Gandhi Nagar","Gandhi Nagar, Gujarat","","","","",""
,""

"18122","Invertis Institute of Management Studies - [IIMS], Bareilly","Bareilly, Uttar Pradesh","","","","",""
,""

"28210","Subharti Institute of Management & Commerce - [SIMC], Meerut","Meerut, Uttar Pradesh","","","","",""
,""

"17452","Chandigarh Business School of Administration - [CBSA], Mohali","Mohali, Punjab","","","","",""
,""

"5091","Takshashila Mahavidyalaya, Amravati","Amravati, Maharashtra","","","","",""
,""

"28196","Park's College, Tiruppur","Tiruppur, Tamil Nadu","","","","",""
,""

"15629","BLDE Association's AS Patil College of Commerce, Bijapur","Bijapur, Karnataka","","","","",""
,""

"417","Baba Baruadas PG College, Ambedkar Nagar","Ambedkar Nagar, Uttar Pradesh","","","","",""
,""

"337","Avanthi Degree & P.G. College, Hyderabad","Hyderabad, Telangana","","","","",""
,""

"1125","Doranda College - [DC], Ranchi","Ranchi, Jharkhand","","","","",""
,""

"15918","KPB Hinduja College of Commerce - [KPB], Mumbai","Mumbai, Maharashtra","","","","",""
,""

"25416","Nalanda Open University - [NOU], Patna","Patna, Bihar","","Distance Education Council (DEC)","","",""
,""

"26017","University of Burdwan, Bardhaman","Bardhaman, West Bengal","","","","",""
,""

"1181","Dr NGP Arts and Science College, Coimbatore","Coimbatore, Tamil Nadu","","","","",""
,""

"2312","Kamala Nehru College, New Delhi","New Delhi, Delhi NCR","","","","",""
,""

"18470","Punjab College of Technical Education - [PCTE], Ludhiana","Ludhiana, Punjab","","","","",""
,""

"1018","Dera Natung Government College - [DNGC], Itanagar","Itanagar, Arunachal Pradesh","","","","",""
,""

"12810","Amritsar College of Engineering and Technology - [ACET], Amritsar","Amritsar, Punjab","","","","",""
,""

"12926","Azad Institute of Engineering and Technology - [AIET], Lucknow","Lucknow, Uttar Pradesh","","","","",""
,""

"15190","Sree Narayana Guru Institute of Science and Technology - [SNGIST], Paravur","Paravur, Kerala","","","","",""
,""

"18941","Swami Sarvanand Institute of Management & Technology - [SSIMT], Gurdaspur","Gurdaspur, Punjab","","","","",""
,""

"28192","CH Institute of Management & Commerce - [CHIMC], Indore","Indore, Madhya Pradesh","","","","",""
,""

"25937","Dr. Shakuntala Misra National Rehabilitation University, Lucknow","Lucknow, Uttar Pradesh","","","","",""
,""

"18719","School of Management Sciences - [SMS], Varanasi","Varanasi, Uttar Pradesh","","","","",""
,""

"1516","Government College of Arts Science and Commerce Sanquelim, North Goa","North Goa, Goa","","","","",""
,""

"1460","Government Arts College, Thiruvananthapuram","Thiruvananthapuram, Kerala","","","","",""
,""

"24361","People's Institute of Management & Research - [PIMR], Bhopal","Bhopal, Madhya Pradesh","","","","",""
,""

"25498","Kachchh University - [KSKVKU], Kachchh","Kachchh, Gujarat","","","","",""
,""

"395","B.R. Tambakad Arts Commerce and Science First Grade College, Haveri","Haveri, Karnataka","","","","",""
,""

"28206","CMR Institute of Management Studies (Autonomous) - [CMRIMS], Bangalore","Bangalore, Karnataka","","","","",""
,""

"56100","CMR University - [CMRU], Bangalore","Bangalore, Karnataka","","","Private","",""
,""

"267","Apoorva Degree College, Karim Nagar","Karim Nagar, Telangana","","","","",""
,""

"25374","Satavahana University, Karim Nagar","Karim Nagar, Telangana","2008","","","",""
,""

"28185","Chitkara University, Chitkara Business School - [CBS], Patiala","Patiala, Punjab","","","","",""
,""

"4160","Sengunthar Arts and Science College - [SASC], Namakkal","Namakkal, Tamil Nadu","","","","",""
,""

"25612","Karnataka State Open University - [KSOU], Mysore","Mysore, Karnataka","","","","",""
,""

"28764","Marwadi University - [MU], Rajkot","Rajkot, Gujarat","","","","",""
,""

"1993","Indore Christian College, Indore","Indore, Madhya Pradesh","","","","",""
,""

"18471","Punjab Institute of Management and Technology - [PIMT], Fatehgarh Sahib","Fatehgarh Sahib, Punjab","","","","",""
,""

"25957","Mahatma Gandhi Kashi Vidyapith - [MGKV], Varanasi","Varanasi, Uttar Pradesh","","","","",""
,""

"341","Avadh Girls Degree College - [AGDC], Lucknow","Lucknow, Uttar Pradesh","","","","",""
,""

"25730","Tilak Maharashtra Vidyapeeth - [TMV], Pune","Pune, Maharashtra","","","","National Assessment and Accreditation Council (NAAC) with B+ grade",""
,""

"4017","Saifia College of Arts and Commerce, Bhopal","Bhopal, Madhya Pradesh","","","","",""
,""

"3343","Pachaiyappa's College, Chennai","Chennai, Tamil Nadu","","","","",""
,""

"25829","Manipal University - [MUJ], Jaipur","Jaipur, Rajasthan","","","","",""
,""

"13679","Gwalior Institute of Technology and Science - [GITS], Gwalior","Gwalior, Madhya Pradesh","","","","",""
,""

"13749","Institute of Engineering & Technology Bhaddal, Ropar","Ropar, Punjab","","","","",""
,""

"14511","North West Institute of Engineering & Technology, Moga","Moga, Punjab","","","","",""
,""

"14583","Prannath Parnami Institute of Management and Technology -[PPIMT], Hisar","Hisar, Haryana","","","","",""
,""

"14689","Radiant Institute of Engineering and Technology - [RIET], Abohar","Abohar, Punjab","","","","",""
,""

"15031","Shiv Kumar Singh Institute of Technology & Science - [SKSITS], Indore","Indore, Madhya Pradesh","","","","",""
,""

"18260","Kamla Nehru Institute of Physical and Social Sciences - [KNIPSS], Sultanpur","Sultanpur, Uttar Pradesh","","","","",""
,""

"24356","Patiala Institute of Engineering and Technology for Women, Patiala","Patiala, Punjab","","","","",""
,""

"25803","Dr. K.N. Modi University - [DKNMU] Newai, Tonk","Tonk, Rajasthan","","","","",""
,""

"55884","Parul University, Vadodara","Vadodara, Gujarat","","","","",""
,""

"57953","C. U. Shah University, Wadhwan","Wadhwan, Gujarat","","","Private","",""
,""

"1072","Dhenkanal Autonomous College, Dhenkanal","Dhenkanal, Orissa","","","","",""
,""

"28232","Vidyasagar Institute of Management - [VIM], Bhopal","Bhopal, Madhya Pradesh","","","","",""
,""

"26025","West Bengal State University - [WBSU], Barasat","Barasat, West Bengal","","","","",""
,""

"25990","ICFAI University, Dehradun","Dehradun, Uttarakhand","","","","",""
,""

"17494","Delhi School of Professional Studies and Research - [DSPSR], New Delhi","New Delhi, Delhi NCR","1999","Guru Gobind Singh Indraprastha University, Delhi (GGSIP)","","All India Council for Technical Education (AICTE)",""
,""

"25687","Vikram University - [VU], Ujjain","Ujjain, Madhya Pradesh","","","","",""
,""

"15661","Bhavan's Vivekananda College of Science Humanities and Commerce, Secunderabad","Secunderabad, Telangana","","","","",""
,""

"17637","GLA Institute of Business Management - [GLAIBM], Mathura","Mathura, Uttar Pradesh","","","","",""
,""

"24476","Som-Lalit Institute of Computer Application - [SLICA], Ahmedabad","Ahmedabad, Gujarat","","","","",""
,""

"25483","Dharmsinh Desai University - [DDU], Nadiad","Nadiad, Gujarat","","","","",""
,""

"25515","Veer Narmad South Gujarat University - [VNSGU], Surat","Surat, Gujarat","","","","",""
,""

"27848","Institute of Cooperative and Corporate Management Research & Training - [ICCMRT], Lucknow","Lucknow, Uttar Pradesh","","","","",""
,""

"5250","VSSD College, Kanpur","Kanpur, Uttar Pradesh","","","","",""
,""

"17974","Institute of Business Studies and Research - [IBSAR], Navi Mumbai","Navi Mumbai, Maharashtra","","","","",""
,""

"20739","Institute of Professional Education and Research - [IPER], Bhopal","Bhopal, Madhya Pradesh","","","","",""
,""

"25887","Manonmaniam Sundaranar University, Tirunelveli","Tirunelveli, Tamil Nadu","1990","","","",""
,""

"211","Ananda Mohan College - [AMC], Kolkata","Kolkata, West Bengal","","","","",""
,""

"2518","L.S. Raheja College of Arts and Commerce, Mumbai","Mumbai, Maharashtra","","","","",""
,""

"3784","Rizvi College of Arts Science and Commerce, Mumbai","Mumbai, Maharashtra","","","","",""
,""

"4961","St. Thomas College of Arts and Science, Chennai","Chennai, Tamil Nadu","","","","",""
,""

"19909","Brahaspati Mahila Post Graduate College, Kanpur","Kanpur, Uttar Pradesh","","","","",""
,""

"25826","Mahatma Jyoti Rao Phoole University - [MJRP], Jaipur","Jaipur, Rajasthan","","","","",""
,""

"17826","ITM University, School of Business, Gwalior","Gwalior, Madhya Pradesh","","","","",""
,""

"25683","Rani Durgavati Vishwavidyalaya, Jabalpur","Jabalpur, Madhya Pradesh","","","","",""
,""

"4126","Sarsuna College, Kolkata","Kolkata, West Bengal","","","","",""
,""

"4806","Sri Sathya Sai College for Women, Bhopal","Bhopal, Madhya Pradesh","","","","",""
,""

"18875","Sri Sharda Institute of Management and Technology, Lucknow","Lucknow, Uttar Pradesh","","","","",""
,""

"18128","Izee Business School - [IZEE], Bangalore","Bangalore, Karnataka","","","","",""
,""

"704","C Kandasami Naidu College for Men - [CKNC], Chennai","Chennai, Tamil Nadu","","","","",""
,""

"808","Chellammal Women College, Chennai","Chennai, Tamil Nadu","","","","",""
,""

"2196","Jogesh Chandra Chaudhuri College, Kolkata","Kolkata, West Bengal","","","","",""
,""

"2789","Maharshi Dayanand College of Arts Science and Commerce, Mumbai","Mumbai, Maharashtra","","","","",""
,""

"16294","Sri Balaji PG Mahavidyalaya - [SBPGM], Jaipur","Jaipur, Rajasthan","","","","",""
,""

"15874","International Academy of Management and Entrepreneurship - [IAME], Bangalore","Bangalore, Karnataka","","","","",""
,""

"3089","NG Acharya and DK Marathe College of Arts Science and Commerce, Mumbai","Mumbai, Maharashtra","","","","",""
,""

"28040","Poddar Group of Institutions, Jaipur","Jaipur, Rajasthan","","","","",""
,""

"1176","Dr. MGR Janaki College of Arts and Science for Women, Chennai","Chennai, Tamil Nadu","","","","",""
,""

"17640","GNA Institute of Management & Technology- [GNA-IMT], Kapurthala","Kapurthala, Punjab","","","","",""
,""

"5363","Virudhunagar Hindu Nadar's Senthikumara Nadar College - [VHNSNC], Virudhunagar","Virudhunagar, Tamil Nadu","","","","",""
,""

"77","Acharya Institute of Graduate Studies - [AIGS], Bangalore","Bangalore, Karnataka","","","","",""
,""

"2589","Lords Universal College, Mumbai","Mumbai, Maharashtra","","","","",""
,""

"3513","PTVA's Sathaye College, Mumbai","Mumbai, Maharashtra","","","","",""
,""

"18","AGL Degree and PG College, Visakhapatnam","Visakhapatnam, Andhra Pradesh","","","","",""
,""

"26","AM Jain College, Chennai","Chennai, Tamil Nadu","","","","",""
,""

"32","Arulmigu Palaniandavar College of Arts and Culture Palani, Dindigul","Dindigul, Tamil Nadu","","","","",""
,""

"33","A.P.C. Mahalaxmi College for Women, Thoothukudi","Thoothukudi, Tamil Nadu","","","","",""
,""

"36","AR Burla Mahila Varishtha Mahavidyalaya, Solapur","Solapur, Maharashtra","","","","National Assessment and Accreditation Council (NAAC)",""
,""

"38","ARG Arts and Commerce College, Davanagere","Davanagere, Karnataka","","Davangere University","","NAAC with ‘B’ Grade",""
,""

"40","AS College, Khanna","Khanna, Punjab","","","","",""
,""

"48","AVC College (Autonomous), Mayiladuthurai","Mayiladuthurai, Tamil Nadu","","","","",""
,""

"50","AVK Group of Institutions, Bangalore","Bangalore, Karnataka","","","","",""
,""

"52","AVS College of Arts & Science, Salem","Salem, Tamil Nadu","","","","",""
,""

"58","Abasaheb Marathe Arts and New Commerce Science College, Ratnagiri","Ratnagiri, Maharashtra","","","","",""
,""

"62","Abdul Razak Degree College - [ARDC], Jyotiba Phule Nagar","Jyotiba Phule Nagar, Uttar Pradesh","","","","",""
,""

"74","Achariya arts and Science College, Pondicherry","Pondicherry, Puducherry","","","","",""
,""

"88","Adaikalamatha College - [AMC], Thanjavur","Thanjavur, Tamil Nadu","","","","",""
,""

"94","Adarsh Degree College - [ADC], Mahabub Nagar","Mahabub Nagar, Telangana","","","","",""
,""

"98","Adarsh Mahavidyalaya,Omerga, Osmanabad","Osmanabad, Maharashtra","","","","",""
,""

"99","Adarsh Mahila Mahavidyalaya, Bhiwani","Bhiwani, Haryana","","","","",""
,""

"102","Adhiparasakthi College of Arts and Sciences -[APCASGBN], Vellore","Vellore, Tamil Nadu","","","","",""
,""

"105","Aditanar College of Arts and Science, Thoothukudi","Thoothukudi, Tamil Nadu","","","","",""
,""

"112","Adoni Arts and Science College, Adoni","Adoni, Andhra Pradesh","","","","",""
,""

"113","A.G & S.G Siddhartha Degree College of Arts and Science , Krishna","Krishna, Andhra Pradesh","","","","",""
,""

"114","Adv. Sitaram Babanbhau Anandramji Baheti Arts and Commerce College, Jalgaon","Jalgaon, Maharashtra","","","","",""
,""

"117","Aggarwal Junior College Wing II, Faridabad","Faridabad, Haryana","","","","",""
,""

"119","Aggarwal College Wing III Coed & Self Finance, Rohtak","Rohtak, Haryana","","","","",""
,""

"120","AghoreKamini Prakashchandra Mahavidyalaya, Hooghly","Hooghly, West Bengal","","","","",""
,""

"122","Agra College, Agra","Agra, Uttar Pradesh","","","","",""
,""

"128","Aiman College of Arts and Science for Women - [AIMAN], Thiruchirapalli","Thiruchirapalli, Tamil Nadu","","","","",""
,""

"132","Ajara Mahavidyalaya, Kolhapur","Kolhapur, Maharashtra","","","","",""
,""

"137","Akarapu Sharath Chandrika Devi Memorial College for Women - [ASM], Warangal","Warangal, Telangana","","","","",""
,""

"140","Akhand Anand Arts And Commerce College, Surat","Surat, Gujarat","","","","",""
,""

"143","Akhilabhagya Mahavidyalya, Gorakhpur","Gorakhpur, Uttar Pradesh","","","","",""
,""

"145","Akkineni Nageswara Rao College - [ANR], Krishna","Krishna, Andhra Pradesh","","","","",""
,""

"153","Al-Ameen College, Edathala, Ernakulam","Ernakulam, Kerala","","","","",""
,""

"165","Alipurduar College, Alipurduar","Alipurduar, West Bengal","","","","",""
,""

"181","Amal College of Advanced Studies, Nilambur, Nilambur","Nilambur, Kerala","","","","",""
,""

"184","Amardeep Singh Shergill Memorial College - [ASSM], Nawanshahr","Nawanshahr, Punjab","","","","",""
,""

"185","Ambah Post Graduate College, Morena","Morena, Madhya Pradesh","","","","",""
,""

"204","Amrita School of Arts and Sciences - [ASAS] Amritapuri, Kollam","Kollam, Kerala","","","","",""
,""

"210","Ananda College Devakottai, Sivaganga","Sivaganga, Tamil Nadu","","","","",""
,""

"216","Anbu Arts and Science College, Namakkal","Namakkal, Tamil Nadu","","","","",""
,""

"226","Andhra Loyola College - [ALC], Vijayawada","Vijayawada, Andhra Pradesh","","","","",""
,""

"228","Andhra Muslim College of Arts and Science, Guntur","Guntur, Andhra Pradesh","","","","",""
,""

"232","Anglo Sanskrit College for Women - [ASCW], Khanna","Khanna, Punjab","","","","",""
,""

"236","Anjuman Arts & Commerce College, Belgaum","Belgaum, Karnataka","","","","",""
,""

"237","Anjuman-E-Islam’s Anjuman Arts, Science and Commerce College, Bijapur","Bijapur, Karnataka","","","","",""
,""

"238","Anjuman Arts Science and Commerce College & P.G. Centre, Dharwad","Dharwad, Karnataka","","","","",""
,""

"245","Annada College, Hazaribagh","Hazaribagh, Jharkhand","","","","",""
,""

"246","Annai College of Arts and Science - [ACAS], Thanjavur","Thanjavur, Tamil Nadu","","","","",""
,""

"248","Annai Veilankanni College for Women, Chennai","Chennai, Tamil Nadu","","","","",""
,""

"255","PDEA's Annasaheb Magar College, Pune","Pune, Maharashtra","","","","",""
,""

"264","Apeejay Saraswati P.G. College for Girls, Bhiwani","Bhiwani, Haryana","","","","",""
,""

"277","Arignar Anna Government Arts College, Cheyyur","Cheyyur, Tamil Nadu","","","","",""
,""

"280","Arihant College of Arts, Commerce & Science - [ACACS], Pune","Pune, Maharashtra","","University of Pune","","",""
,""

"287","Arts and Commerce College, Hingoli","Hingoli, Maharashtra","","","","",""
,""

"289","Arts and Commerce College, Solapur","Solapur, Maharashtra","","","","",""
,""

"294","Arts Commerce and Science College, Surat","Surat, Gujarat","","","","",""
,""

"295","Arts Commerce and Science College, Kolhapur","Kolhapur, Maharashtra","","","","",""
,""

"297","Arts Science and Commerce College, Sangli","Sangli, Maharashtra","","","","",""
,""

"299","Arul Anandar College - [AAC], Madurai","Madurai, Tamil Nadu","","","","",""
,""

"302","Arumugam Pillai Seethai Ammal College - [APSA], Sivaganga","Sivaganga, Tamil Nadu","","","","",""
,""

"303","Dr. Arvind B. Telang Senior College of Arts, Science and Commerce, Pune","Pune, Maharashtra","","","","",""
,""

"304","Arya College, Ludhiana","Ludhiana, Punjab","","","","",""
,""

"305","Arya Girls College, Ambala","Ambala, Haryana","","","","",""
,""

"316","Asansol Girls College - [AGC], Bundwan","Bundwan, West Bengal","","","","",""
,""

"319","Aska Science College, Aska","Aska, Orissa","","","","",""
,""

"323","Assumption College, Kottayam","Kottayam, Kerala","","","","",""
,""

"330","Atma Ram Sanatan Dharma College - [ARSD], New Delhi","New Delhi, Delhi NCR","","","","",""
,""

"331","Shrimant Babasaheb Deshmukh Mahavidyalaya,Atpadi, Sangli","Sangli, Maharashtra","","","","",""
,""

"336","Auxilium College, Vellore","Vellore, Tamil Nadu","","","","",""
,""

"340","Avvaiyar Government College for Women - [AGCW], Kodaikanal","Kodaikanal, Tamil Nadu","","","","",""
,""

"342","Awadhoot Bhagwan Ram PG College - [ABRPGC], Sonbhadra","Sonbhadra, Uttar Pradesh","","","","",""
,""

"344","Ayodhya Prasad Memorial Degree College - [APMDc], Badaun","Badaun, Uttar Pradesh","","","","",""
,""

"345","Ayya Nadar Janaki Ammal College - [ANJA], Sivaganga","Sivaganga, Tamil Nadu","","","","",""
,""

"346","Ayyan Thiruvalluvar College of Arts and Science - [ATCAS], Ariyalur","Ariyalur, Tamil Nadu","","","","",""
,""

"347","Azad Hind Fouz Smriti Mahavidyalaya, Howrah","Howrah, West Bengal","","","","",""
,""

"354","BBK DAV College for Women, Amritsar","Amritsar, Punjab","","","","",""
,""

"357","B.D. Kale Mahavidyalaya Ghodegaon, Pune","Pune, Maharashtra","","","","",""
,""

"360","BESM Arts & Commerce College Byadgi, Haveri","Haveri, Karnataka","","","","",""
,""

"364","BH College, Barpeta","Barpeta, Assam","","","","",""
,""

"375","BL Jindal Suiwala College, Bhiwani","Bhiwani, Haryana","","","","",""
,""

"376","BLDE Association's Commerce, BHS Arts & TGP Science College Jamkhandi, Bagalkot","Bagalkot, Karnataka","","","","",""
,""

"380","BM Ruia Girls College , Mumbai","Mumbai, Maharashtra","","","","",""
,""

"384","BMS College for Women - [BMSCW], Bangalore","Bangalore, Karnataka","","","","",""
,""

"385","B.N. Post Graduate College - [BNPGC], Udaipur","Udaipur, Rajasthan","","","","",""
,""

"388","B. P. Arts, SMA Science, KKC Commerce College, Jalgaon","Jalgaon, Maharashtra","","","","",""
,""

"393","B.Padmanaban Jayanthimala College of Arts and Science, Cuddalore","Cuddalore, Tamil Nadu","","","","",""
,""

"401","B.S.K. College, Barharwa, Hazaribagh","Hazaribagh, Jharkhand","","","","",""
,""

"407","B.V. Bhoomareddi College of Arts, Science and Commerce, Bidar","Bidar, Karnataka","","","","",""
,""

"419","Baba Farid College - [BFC], Bathinda","Bathinda, Punjab","","","","",""
,""

"434","Babbar Akali Memorial Khalsa College - [BAM], Hoshiarpur","Hoshiarpur, Punjab","","","","",""
,""

"454","Bagnan College, Howrah","Howrah, West Bengal","","","","",""
,""

"462","Baikunthi Devi Kanya Mahavidalaya, Agra","Agra, Uttar Pradesh","","","","",""
,""

"466","Bajali College, Barpeta","Barpeta, Assam","","","","",""
,""

"471","Balagarh Bijoy Krishna Mahavidyalaya, Hooghly","Hooghly, West Bengal","","","","",""
,""

"472","Sri Balaji Society, Balaji College of Arts, Commerce and Science - [BCACS], Pune","Pune, Maharashtra","","","","",""
,""

"478","Balbhim Arts Science and Commerce College, Beed","Beed, Maharashtra","","","","",""
,""

"487","Balurghat College, Dakshin Dinajpur","Dakshin Dinajpur, West Bengal","","","","",""
,""

"493","Banarsi Dass Arya Girls College, Jalandhar","Jalandhar, Punjab","","","","",""
,""

"499","DES's Bangurnagar Arts, Science and Commerce College - [BNDC] Dandeli, Kannada","Kannada, Karnataka","","","","",""
,""

"502","Bankim Sardar College, South 24 Parganas","South 24 Parganas, West Bengal","","","","",""
,""

"506","Banwarilal Bhalotia College, Asansol","Asansol, West Bengal","","","","",""
,""

"511","Bapujee College, Bhubaneswar","Bhubaneswar, Orissa","","","","",""
,""

"514","Barasat College, Kolkata","Kolkata, West Bengal","","","","",""
,""

"516","Bareilly College, Bareilly","Bareilly, Uttar Pradesh","","","","",""
,""

"517","Baring Union Christian College - [BUCC], Batala","Batala, Punjab","","","","",""
,""

"525","Baruipur College, South 24 Parganas","South 24 Parganas, West Bengal","","","","",""
,""

"533","Baselios Poulose ll Catholicos College - [BPC], Ernakulam","Ernakulam, Kerala","","","","",""
,""

"534","Baselius College, Kottayam","Kottayam, Kerala","","","","",""
,""

"535","Basirhat College, North 24 Parganas","North 24 Parganas, West Bengal","","","","",""
,""

"538","Basudev Somani College, Mysore","Mysore, Karnataka","","","","",""
,""

"547","Belda College, Belda","Belda, West Bengal","","","","",""
,""

"552","Besant Evening College, Mangalore","Mangalore, Karnataka","","","","",""
,""

"554","Besant Theosophical College, Chittoor","Chittoor, Andhra Pradesh","","","","",""
,""

"555","Bethuadahari College, Nadia","Nadia, West Bengal","","","","",""
,""

"557","Beynon Smith Methodist Degree College of Arts, Belgaum","Belgaum, Karnataka","","","","",""
,""

"561","Bhag Singh Hayer Khalsa College for Women - [BSHKC], Abohar","Abohar, Punjab","","","","",""
,""

"564","Bhagini Nivedita College, New Delhi","New Delhi, Delhi NCR","","","","",""
,""

"574","Bhai Nagahia Singh Memorial Girls College, Ludhiana","Ludhiana, Punjab","","","","",""
,""

"576","Bhairab Ganguly College, Kolkata","Kolkata, West Bengal","","","","",""
,""

"577","Bhakthavatsalam Memorial College for Women, Chennai","Chennai, Tamil Nadu","","","","",""
,""

"578","Bhandarkars Arts and Science College, Udupi","Udupi, Karnataka","","","","",""
,""

"579","Bhangar Mahavidyalaya, South 24 Parganas","South 24 Parganas, West Bengal","","","","",""
,""

"582","Bharath College of Science and Management, Thanjavur","Thanjavur, Tamil Nadu","","","","",""
,""

"588","Bharathidasan College of Arts and Science - [BCAS], Erode","Erode, Tamil Nadu","","","","",""
,""

"591","Bharathiyar Arts and Science College for Women - [BASCW], Salem","Salem, Tamil Nadu","","","","",""
,""

"592","Bharati College, New Delhi","New Delhi, Delhi NCR","","","","",""
,""

"596","Bharatratna Dr Babasaheb Ambedkar Mahavidyalaya, Pune","Pune, Maharashtra","","","","",""
,""

"605","Bhatter College, Medinipur","Medinipur, West Bengal","","","","",""
,""

"608","Bhavan's College, Mumbai","Mumbai, Maharashtra","","","","",""
,""

"614","Bhawanipur Hastinapur Bijni College - [BHB], Barpeta","Barpeta, Assam","","","","",""
,""

"616","Bhilai Mahila Mahavidyalaya, Durg","Durg, Chhattisgarh","","","","",""
,""

"617","Dr. Bhim Rao Ambedkar College, New Delhi","New Delhi, Delhi NCR","","","","",""
,""

"618","Bhogawati Mahavidyalaya, Kolhapur","Kolhapur, Maharashtra","","","","",""
,""

"620","Bhola Nath College, Dhubri","Dhubri, Assam","","","","",""
,""

"625","Bhuwaneshwari Dayal College - [BDC] Mithapur, Patna","Patna, Bihar","","","","",""
,""

"629","Bhusawal Arts Science and PO Nahata Commerce College, Jalgaon","Jalgaon, Maharashtra","","","","",""
,""

"632","Bidhan Chandra College Rishra, Hooghly","Hooghly, West Bengal","","","","",""
,""

"640","Bijoy Krishna Girls College - [BKGC], Howrah","Howrah, West Bengal","","","","",""
,""

"641","Bikali College, Goalpara","Goalpara, Assam","","","","",""
,""

"650","Bir Bikram Memorial College - [BBMC], Agartala","Agartala, Tripura","","","","",""
,""

"656","Birla College Of Arts Science & Commerce, Thane","Thane, Maharashtra","","","","",""
,""

"660","Birpara College, Alipurduar","Alipurduar, West Bengal","","","","",""
,""

"662","Bishop Abraham Memorial College - [BAM], Pathanamthitta","Pathanamthitta, Kerala","","","","",""
,""

"665","Bishop Chulaparambil Memorial College for Women - [BCM], Kottayam","Kottayam, Kerala","","","","",""
,""

"668","Bishop Kurialacherry College for Women, Kottayam","Kottayam, Kerala","","","","",""
,""

"669","Bishop Moore College - [BMC], Mavelikara","Mavelikara, Kerala","","","","",""
,""

"699","Burdwan Raj College, Bardhaman","Bardhaman, West Bengal","","","","",""
,""

"701","C & SH Desai Arts and LKL Doshi Commerce College, Kheda","Kheda, Gujarat","","","","",""
,""

"709","CES College of Arts and Commerce, Salcete","Salcete, Goa","","","","",""
,""

"713","CKM Arts and Science College, Warangal","Warangal, Telangana","","","","",""
,""

"716","CM Dubey Post Graduate College - [CMDPG], Bilaspur","Bilaspur, Chhattisgarh","","","","",""
,""

"719","Chowdhary Mahadev Prasad Degree College - [CMP College], Allahabad","Allahabad, Uttar Pradesh","","","","",""
,""

"720","CMS College, Kottayam","Kottayam, Kerala","","","","",""
,""

"726","Bishop Appasamy College of Arts and Science, Coimbatore","Coimbatore, Tamil Nadu","","","","",""
,""

"731","Cachar College, Silchar","Silchar, Assam","","","","",""
,""

"735","Canara College, Mangalore","Mangalore, Karnataka","","","","",""
,""

"744","Carmel College for Women, Salcete","Salcete, Goa","","","","",""
,""

"745","Catholicate College, Pathanamthitta","Pathanamthitta, Kerala","","","","",""
,""

"748","Cauvery College Gonikoppal, Kodagu","Kodagu, Karnataka","","","","",""
,""

"749","Cauvery College for Women, Thiruchirapalli","Thiruchirapalli, Tamil Nadu","","","","",""
,""

"767","Ch S D St Theresa's Atonomous College for Women, Eluru","Eluru, Andhra Pradesh","","","","",""
,""

"769","Chaiduar College, Sonitpur","Sonitpur, Assam","","","","",""
,""

"776","Chakdaha College, Chakdaha","Chakdaha, West Bengal","","","","",""
,""

"780","Chanchal College, Malda","Malda, West Bengal","","","","",""
,""

"781","Chanda Kantaiah Memorial Arts And Science College, Warangal","Warangal, Telangana","","","","",""
,""

"782","Chandernagore Goverment College, Chandannagar","Chandannagar, West Bengal","","","","",""
,""

"783","Chandidas Mahavidyalaya, Birbhum","Birbhum, West Bengal","","","","",""
,""

"784","Chandra Kamal Bezbaruah College - [CKB], Jorhat","Jorhat, Assam","","","","",""
,""

"790","Changu Kana Thakur Arts, Commerce and Science College - [CKT], Raigarh","Raigarh, Maharashtra","","","","",""
,""

"796","Charuchandra College, Kolkata","Kolkata, West Bengal","","","","",""
,""

"804","Chaudhary Charan Singh Post Graduate College, Etawah","Etawah, Uttar Pradesh","","","","",""
,""

"812","Cherpulassery College of Science and Technology for Women - [CCST], Palakkad","Palakkad, Kerala","","","","",""
,""

"817","Chevalier T.Thomas Elizabeth College For Women - [CTTEWC], Chennai","Chennai, Tamil Nadu","","","","",""
,""

"821","Chhatrapati Shahu Arts Commerce and Science College, Aurangabad","Aurangabad, Maharashtra","","","","",""
,""

"828","Chhotu Ram Kisan College - [CRKC], Jind","Jind, Haryana","","","","",""
,""

"829","Chidambaram Pillai College of Women, Thiruchirapalli","Thiruchirapalli, Tamil Nadu","","","","",""
,""

"830","Chikiti Mahavidyalaya, Ganjam","Ganjam, Orissa","","","","",""
,""

"831","Chikkaiah Naiacker College, Erode","Erode, Tamil Nadu","","","","",""
,""

"832","Chikkanna Government Arts College, Tiruppur","Tiruppur, Tamil Nadu","","","","",""
,""

"840","Chittaranjan College, Kolkata","Kolkata, West Bengal","","","","",""
,""

"842","Choice College of Arts & Commerce, Pune","Pune, Maharashtra","","","","",""
,""

"845","Choudwar College, Cuttack","Cuttack, Orissa","","","","",""
,""

"850","Christ College, Bastar","Bastar, Chhattisgarh","","","","",""
,""

"851","Christ College Irinjalakuda, Thrissur","Thrissur, Kerala","","","","",""
,""

"855","Christhu Raj College, Thiruchirapalli","Thiruchirapalli, Tamil Nadu","","","","",""
,""

"865","Co-operative Arts & Science College, Madayi, Kannur","Kannur, Kerala","","","","",""
,""

"878","College of Vocational Studies - [CVS], New Delhi","New Delhi, Delhi NCR","","","","",""
,""

"879","Cooch behar College, Cooch Behar","Cooch Behar, West Bengal","","","","",""
,""

"880","Cordia College, Fatehgarh Sahib","Fatehgarh Sahib, Punjab","","","","",""
,""

"883","Crossland College, Udupi","Udupi, Karnataka","","","","",""
,""

"884","Cuttack College, Cuttack","Cuttack, Orissa","","","","",""
,""

"887","DAV Centenary College, Faridabad","Faridabad, Haryana","","","","",""
,""

"892","DAV College, Hoshiarpur","Hoshiarpur, Punjab","","","","",""
,""

"895","DAV College, Muzaffarnagar","Muzaffarnagar, Uttar Pradesh","","","","",""
,""

"897","DAV College For Women, Firozpur","Firozpur, Punjab","","","","",""
,""

"904","DAV College, Bathinda","Bathinda, Punjab","","","","",""
,""

"907","D.B Pampa College Parumala, Pathanamthitta","Pathanamthitta, Kerala","","","","",""
,""

"913","D. D. Shinde Sarkar College, Kolhapur","Kolhapur, Maharashtra","","","","",""
,""

"914","D.D. Thakar Arts and K.J. Patel Commerce College, Sabarkantha","Sabarkantha, Gujarat","","","","",""
,""

"916","D.G.M.M.E.S Mampad College, Malappuram","Malappuram, Kerala","","","","",""
,""

"921","D.M. College, Moga","Moga, Punjab","","","","",""
,""

"923","D.N. Jain College, Jabalpur","Jabalpur, Madhya Pradesh","","","","",""
,""

"924","Dantuluri Narayana Raju college - [DNR], Godavari","Godavari, Andhra Pradesh","","","","",""
,""

"926","D. R. Mane Mahavidyalaya, Kolhapur","Kolhapur, Maharashtra","","","","",""
,""

"932","Duvvuru Ramanamma Women’s College - [DRW], Guduru","Guduru, Andhra Pradesh","","","","",""
,""

"934","Dharma Samaj College, Aligarh","Aligarh, Uttar Pradesh","","","","",""
,""

"940","Dahiwadi College, Satara","Satara, Maharashtra","","","","",""
,""

"945","Dalmia College Rajgangpur, Sundergarh","Sundergarh, Orissa","","","","",""
,""

"956","Darjeeling Government College - [DGC], Darjeeling","Darjeeling, West Bengal","","","","",""
,""

"957","Darrang College, Tezpur","Tezpur, Assam","","","","",""
,""

"967","Dasarath Dev Memorial College - [DDMC], West Tripura","West Tripura, Tripura","","","","",""
,""

"968","Dasmesh Girls College - [DGC], Hoshiarpur","Hoshiarpur, Punjab","","","","",""
,""

"972","Daudnagar College, Aurangabad","Aurangabad, Bihar","","","","",""
,""

"973","Daulat Ram College - [DRC], New Delhi","New Delhi, Delhi NCR","","","","",""
,""

"982","Dayanand Bachhrawan PG College, Rae Bareli","Rae Bareli, Uttar Pradesh","","","","",""
,""

"985","Dayanand College, Ajmer","Ajmer, Rajasthan","","","","",""
,""

"986","Dayanand College, Hisar","Hisar, Haryana","","","","",""
,""

"989","Dayanand Mahila Mahavidyalaya, Kurukshetra","Kurukshetra, Haryana","","","","",""
,""

"993","Dayapuram Arts and Science College for Women - [DASCW], Calicut","Calicut, Kerala","","","","",""
,""

"999","Deen Dayal Upadhaya Girls Govt PG College, Lucknow","Lucknow, Uttar Pradesh","","","","",""
,""

"1021","Derozio Memorial College - [DMC], Kolkata","Kolkata, West Bengal","","","","",""
,""

"1023","Deshabandhu Mahavidyalaya - [DBM], Bardhaman","Bardhaman, West Bengal","","","","",""
,""

